from_node,f_type,to_node,t_type,date,times
000011,1,000039,1,2013-10-13 00:00:00.0,0
000031,1,000011,1,2013-10-13 00:00:00.0,0
000037,1,000031,1,2013-10-13 00:00:00.0,0
000037,1,000031,1,2013-10-13 00:00:00.0,0
000037,1,000011,1,2013-10-13 00:00:00.0,0
000031,1,000037,1,2013-10-13 00:00:00.0,0
000031,1,000039,1,2013-10-14 00:00:00.0,0
000037,1,000039,1,2013-10-14 00:00:00.0,1
000040,1,000037,1,2013-10-16 00:00:00.0,0
000043,0,000053,0,2013-10-17 00:00:00.0,0
000052,0,000037,1,2013-10-17 00:00:00.0,0
000052,0,000011,1,2013-10-17 00:00:00.0,0
000053,0,000052,0,2013-10-17 00:00:00.0,0
000053,0,000043,0,2013-10-17 00:00:00.0,0
000053,0,000037,1,2013-10-17 00:00:00.0,0
000052,0,000043,0,2013-10-17 00:00:00.0,0
000052,0,000053,0,2013-10-17 00:00:00.0,0
000031,1,000040,1,2013-10-20 00:00:00.0,0
000062,0,000011,1,2013-10-22 00:00:00.0,0
000062,0,000067,0,2013-10-22 00:00:00.0,0
000067,0,000011,1,2013-10-22 00:00:00.0,0
000067,0,000062,0,2013-10-22 00:00:00.0,0
000011,1,000040,1,2013-10-24 00:00:00.0,0
000043,0,000071,0,2013-10-25 00:00:00.0,0
000071,0,000043,0,2013-10-29 00:00:00.0,0
000071,0,000084,0,2013-10-30 00:00:00.0,0
000084,0,000071,0,2013-10-30 00:00:00.0,0
000084,0,000011,1,2013-10-30 00:00:00.0,0
000071,0,000092,0,2013-10-31 00:00:00.0,0
000037,1,000040,1,2013-10-31 00:00:00.0,0
000031,1,000053,0,2013-11-04 00:00:00.0,0
000080,1,000039,1,2013-11-04 00:00:00.0,0
000037,1,000052,0,2013-11-06 00:00:00.0,0
000037,1,000053,0,2013-11-06 00:00:00.0,0
000071,0,000052,0,2013-11-07 00:00:00.0,0
000052,0,000071,0,2013-11-07 00:00:00.0,0
000106,1,000031,1,2013-11-07 00:00:00.0,0
000106,1,000011,1,2013-11-07 00:00:00.0,0
000106,1,000037,1,2013-11-07 00:00:00.0,0
000099,0,000031,1,2013-11-07 00:00:00.0,0
000099,0,000011,1,2013-11-07 00:00:00.0,0
000099,0,000037,1,2013-11-07 00:00:00.0,0
000099,0,000106,1,2013-11-07 00:00:00.0,0
000071,0,000011,1,2013-11-08 00:00:00.0,0
000037,1,000106,1,2013-11-08 00:00:00.0,0
000031,1,000106,1,2013-11-09 00:00:00.0,0
000040,1,000106,1,2013-11-09 00:00:00.0,0
000040,1,000099,0,2013-11-09 00:00:00.0,0
000040,1,000039,1,2013-11-09 00:00:00.0,0
000092,0,000056,0,2013-11-15 00:00:00.0,0
000056,0,000126,0,2013-11-15 00:00:00.0,0
000056,0,000092,0,2013-11-15 00:00:00.0,0
000056,0,000043,0,2013-11-15 00:00:00.0,0
000043,0,000056,0,2013-11-15 00:00:00.0,0
000052,0,000056,0,2013-11-15 00:00:00.0,0
000043,0,000037,1,2013-11-15 00:00:00.0,0
000043,0,000084,0,2013-11-15 00:00:00.0,0
000056,0,000084,0,2013-11-15 00:00:00.0,0
000084,0,000037,1,2013-11-15 00:00:00.0,0
000043,0,000052,0,2013-11-15 00:00:00.0,0
000084,0,000043,0,2013-11-15 00:00:00.0,0
000052,0,000084,0,2013-11-15 00:00:00.0,0
000080,1,000011,1,2013-11-16 00:00:00.0,0
000080,1,000020,0,2013-11-16 00:00:00.0,0
000080,1,000040,1,2013-11-16 00:00:00.0,0
000126,0,000037,1,2013-11-17 00:00:00.0,0
000056,0,000052,0,2013-11-18 00:00:00.0,0
000092,0,000084,0,2013-11-18 00:00:00.0,0
000037,1,000126,0,2013-11-18 00:00:00.0,0
000037,1,000084,0,2013-11-18 00:00:00.0,0
000084,0,000092,0,2013-11-19 00:00:00.0,0
000092,0,000043,0,2013-11-19 00:00:00.0,0
000092,0,000052,0,2013-11-19 00:00:00.0,0
000031,1,000099,0,2013-11-20 00:00:00.0,0
000052,0,000173,0,2013-11-21 00:00:00.0,0
000182,1,000126,0,2013-11-21 00:00:00.0,0
000173,0,000052,0,2013-11-21 00:00:00.0,0
000221,1,000106,1,2013-11-24 00:00:00.0,0
000031,1,000132,0,2013-11-25 00:00:00.0,0
000040,1,000132,0,2013-11-25 00:00:00.0,0
000132,0,000039,1,2013-11-25 00:00:00.0,0
000132,0,000011,1,2013-11-25 00:00:00.0,0
000132,0,000031,1,2013-11-25 00:00:00.0,0
000126,0,000084,0,2013-11-26 00:00:00.0,0
000192,0,000031,1,2013-11-27 00:00:00.0,0
000192,0,000037,1,2013-11-27 00:00:00.0,0
000192,0,000011,1,2013-11-27 00:00:00.0,0
000230,0,000011,1,2013-11-27 00:00:00.0,0
000080,1,000031,1,2013-11-28 00:00:00.0,0
000192,0,000039,1,2013-11-28 00:00:00.0,0
000126,0,000091,0,2013-12-02 00:00:00.0,0
000126,0,000056,0,2013-12-02 00:00:00.0,0
000126,0,000011,1,2013-12-02 00:00:00.0,0
000126,0,000092,0,2013-12-02 00:00:00.0,0
000092,0,000126,0,2013-12-02 00:00:00.0,0
000126,0,000052,0,2013-12-02 00:00:00.0,0
000052,0,000126,0,2013-12-03 00:00:00.0,0
000011,1,000246,1,2013-12-04 00:00:00.0,0
000052,0,000253,2,2013-12-05 00:00:00.0,0
000043,0,000253,2,2013-12-05 00:00:00.0,0
000255,0,000052,0,2013-12-05 00:00:00.0,0
000253,2,000052,0,2013-12-05 00:00:00.0,0
000253,2,000043,0,2013-12-05 00:00:00.0,0
000255,0,000253,2,2013-12-05 00:00:00.0,0
000253,2,000250,0,2013-12-05 00:00:00.0,0
000126,0,000253,2,2013-12-05 00:00:00.0,0
000039,1,000037,1,2013-12-06 00:00:00.0,0
000039,1,000132,0,2013-12-06 00:00:00.0,0
000267,2,000084,0,2013-12-06 00:00:00.0,0
000259,0,000126,0,2013-12-06 00:00:00.0,0
000259,0,000043,0,2013-12-06 00:00:00.0,0
000132,0,000021,0,2013-12-07 00:00:00.0,0
000132,0,000040,1,2013-12-07 00:00:00.0,0
000037,1,000132,0,2013-12-07 00:00:00.0,0
000043,0,000259,0,2013-12-09 00:00:00.0,0
000039,1,000040,1,2013-12-10 00:00:00.0,0
000246,1,000106,1,2013-12-10 00:00:00.0,0
000246,1,000132,0,2013-12-10 00:00:00.0,0
000246,1,000173,0,2013-12-10 00:00:00.0,0
000246,1,000253,2,2013-12-10 00:00:00.0,0
000253,2,000274,0,2013-12-11 00:00:00.0,0
000274,0,000126,0,2013-12-11 00:00:00.0,0
000274,0,000071,0,2013-12-11 00:00:00.0,0
000274,0,000043,0,2013-12-11 00:00:00.0,0
000274,0,000052,0,2013-12-11 00:00:00.0,0
000274,0,000037,1,2013-12-11 00:00:00.0,0
000274,0,000084,0,2013-12-11 00:00:00.0,0
000132,0,000037,1,2013-12-12 00:00:00.0,0
000132,0,000080,1,2013-12-12 00:00:00.0,0
000106,1,000221,1,2013-12-15 00:00:00.0,0
000132,0,000279,2,2013-12-15 00:00:00.0,0
000011,1,000132,0,2013-12-15 00:00:00.0,0
000011,1,000031,1,2013-12-15 00:00:00.0,0
000031,1,000279,2,2013-12-15 00:00:00.0,0
000279,2,000037,1,2013-12-15 00:00:00.0,1
000279,2,000031,1,2013-12-15 00:00:00.0,2
000037,1,000043,0,2013-12-16 00:00:00.0,0
000037,1,000274,0,2013-12-16 00:00:00.0,0
000283,0,000126,0,2013-12-17 00:00:00.0,0
000126,0,000053,0,2013-12-17 00:00:00.0,0
000132,0,000246,1,2013-12-18 00:00:00.0,0
000043,0,000092,0,2013-12-25 00:00:00.0,0
000043,0,000126,0,2013-12-25 00:00:00.0,0
000092,0,000053,0,2013-12-25 00:00:00.0,0
000053,0,000250,0,2013-12-25 00:00:00.0,0
000053,0,000092,0,2013-12-25 00:00:00.0,0
000043,0,000255,0,2013-12-25 00:00:00.0,0
000255,0,000037,1,2013-12-25 00:00:00.0,0
000255,0,000043,0,2013-12-25 00:00:00.0,0
000255,0,000084,0,2013-12-25 00:00:00.0,0
000255,0,000126,0,2013-12-25 00:00:00.0,0
000255,0,000053,0,2013-12-25 00:00:00.0,0
000255,0,000053,0,2013-12-25 00:00:00.0,0
000255,0,000053,0,2013-12-25 00:00:00.0,0
000126,0,000250,0,2013-12-26 00:00:00.0,0
000037,1,000255,0,2013-12-26 00:00:00.0,0
000419,0,000132,0,2013-12-29 00:00:00.0,0
000132,0,000419,0,2013-12-29 00:00:00.0,0
000246,1,000039,1,2014-01-01 00:00:00.0,0
000491,0,000446,0,2014-01-06 00:00:00.0,0
000491,0,000455,0,2014-01-06 00:00:00.0,0
000446,0,000462,0,2014-01-06 00:00:00.0,0
000369,1,000482,0,2014-01-06 00:00:00.0,0
000482,0,000369,1,2014-01-06 00:00:00.0,1
000092,0,000446,0,2014-01-06 00:00:00.0,0
000472,0,000446,0,2014-01-06 00:00:00.0,0
000472,0,000462,0,2014-01-06 00:00:00.0,0
000517,0,000491,0,2014-01-07 00:00:00.0,0
000446,0,000507,0,2014-01-07 00:00:00.0,0
000446,0,000465,0,2014-01-07 00:00:00.0,0
000446,0,000492,0,2014-01-07 00:00:00.0,0
000446,0,000501,0,2014-01-07 00:00:00.0,0
000446,0,000433,0,2014-01-07 00:00:00.0,0
000507,0,000465,0,2014-01-07 00:00:00.0,0
000465,0,000507,0,2014-01-07 00:00:00.0,0
000507,0,000446,0,2014-01-07 00:00:00.0,0
000465,0,000446,0,2014-01-07 00:00:00.0,0
000433,0,000446,0,2014-01-07 00:00:00.0,0
000501,0,000462,0,2014-01-07 00:00:00.0,0
000501,0,000492,0,2014-01-07 00:00:00.0,0
000492,0,000501,0,2014-01-07 00:00:00.0,0
000433,0,000507,0,2014-01-07 00:00:00.0,0
000433,0,000465,0,2014-01-07 00:00:00.0,0
000462,0,000501,0,2014-01-07 00:00:00.0,0
000465,0,000462,0,2014-01-07 00:00:00.0,0
000465,0,000492,0,2014-01-07 00:00:00.0,0
000465,0,000501,0,2014-01-07 00:00:00.0,0
000465,0,000433,0,2014-01-07 00:00:00.0,0
000507,0,000492,0,2014-01-07 00:00:00.0,0
000507,0,000433,0,2014-01-07 00:00:00.0,0
000507,0,000501,0,2014-01-07 00:00:00.0,0
000507,0,000462,0,2014-01-07 00:00:00.0,0
000433,0,000492,0,2014-01-07 00:00:00.0,0
000433,0,000462,0,2014-01-07 00:00:00.0,0
000433,0,000501,0,2014-01-07 00:00:00.0,0
000492,0,000462,0,2014-01-07 00:00:00.0,0
000462,0,000492,0,2014-01-07 00:00:00.0,0
000031,1,000080,1,2014-01-09 00:00:00.0,0
000523,0,000021,0,2014-01-09 00:00:00.0,0
000523,0,000040,1,2014-01-09 00:00:00.0,0
000541,0,000132,0,2014-01-09 00:00:00.0,0
000541,0,000037,1,2014-01-09 00:00:00.0,0
000541,0,000011,1,2014-01-09 00:00:00.0,0
000523,0,000011,1,2014-01-09 00:00:00.0,0
000596,1,000043,0,2014-01-10 00:00:00.0,0
000052,0,000255,0,2014-01-10 00:00:00.0,0
000570,0,000037,1,2014-01-10 00:00:00.0,0
000570,0,000031,1,2014-01-10 00:00:00.0,0
000570,0,000011,1,2014-01-10 00:00:00.0,0
000561,0,000011,1,2014-01-10 00:00:00.0,0
000601,0,000132,0,2014-01-11 00:00:00.0,0
000132,0,000601,0,2014-01-11 00:00:00.0,0
000132,0,000482,0,2014-01-13 00:00:00.0,0
000482,0,000132,0,2014-01-13 00:00:00.0,0
000649,0,000647,0,2014-01-14 00:00:00.0,0
000126,0,000647,0,2014-01-14 00:00:00.0,0
000647,0,000052,0,2014-01-14 00:00:00.0,0
000647,0,000126,0,2014-01-14 00:00:00.0,0
000126,0,000043,0,2014-01-14 00:00:00.0,0
000647,0,000596,1,2014-01-14 00:00:00.0,0
000043,0,000596,1,2014-01-14 00:00:00.0,0
000043,0,000551,0,2014-01-14 00:00:00.0,0
000675,0,000671,0,2014-01-15 00:00:00.0,0
000671,0,000043,0,2014-01-15 00:00:00.0,0
000671,0,000647,0,2014-01-15 00:00:00.0,0
000671,0,000596,1,2014-01-15 00:00:00.0,0
000652,1,000596,1,2014-01-15 00:00:00.0,0
000652,1,000043,0,2014-01-15 00:00:00.0,0
000596,1,000680,0,2014-01-16 00:00:00.0,0
000614,0,000652,1,2014-01-16 00:00:00.0,0
000316,0,000675,0,2014-01-16 00:00:00.0,0
000675,0,000316,0,2014-01-16 00:00:00.0,0
000680,0,000084,0,2014-01-16 00:00:00.0,0
000680,0,000274,0,2014-01-16 00:00:00.0,0
000680,0,000071,0,2014-01-16 00:00:00.0,0
000680,0,000052,0,2014-01-16 00:00:00.0,0
000680,0,000043,0,2014-01-16 00:00:00.0,0
000680,0,000596,1,2014-01-16 00:00:00.0,0
000680,0,000671,0,2014-01-16 00:00:00.0,0
000614,0,000671,0,2014-01-17 00:00:00.0,0
000614,0,000675,0,2014-01-17 00:00:00.0,0
000675,0,000614,0,2014-01-17 00:00:00.0,0
000587,0,000462,0,2014-01-20 00:00:00.0,0
000462,0,000587,0,2014-01-20 00:00:00.0,0
000587,0,000501,0,2014-01-20 00:00:00.0,0
000501,0,000587,0,2014-01-20 00:00:00.0,0
000492,0,000587,0,2014-01-20 00:00:00.0,0
000587,0,000492,0,2014-01-20 00:00:00.0,0
000671,0,000614,0,2014-01-21 00:00:00.0,0
000671,0,000680,0,2014-01-21 00:00:00.0,0
000675,0,000037,1,2014-01-21 00:00:00.0,0
000599,0,000827,2,2014-01-22 00:00:00.0,0
000827,2,000599,0,2014-01-22 00:00:00.0,0
000132,0,000816,2,2014-01-22 00:00:00.0,0
000816,2,000132,0,2014-01-22 00:00:00.0,0
000900,2,000304,1,2014-01-24 00:00:00.0,0
000132,0,000304,1,2014-01-24 00:00:00.0,0
000207,1,000132,0,2014-01-28 00:00:00.0,0
000132,0,000207,1,2014-01-28 00:00:00.0,0
000990,2,000207,1,2014-01-29 00:00:00.0,3
000730,1,000511,0,2014-01-30 00:00:00.0,0
001008,2,000011,1,2014-01-30 00:00:00.0,0
000732,0,001008,2,2014-01-30 00:00:00.0,0
000730,1,001008,2,2014-01-30 00:00:00.0,0
000511,0,001008,2,2014-01-30 00:00:00.0,0
001008,2,000511,0,2014-01-30 00:00:00.0,0
001008,2,000732,0,2014-01-30 00:00:00.0,2
001008,2,000730,1,2014-01-30 00:00:00.0,0
000011,1,000511,0,2014-01-30 00:00:00.0,0
000732,0,000511,0,2014-01-30 00:00:00.0,0
000511,0,000011,1,2014-01-30 00:00:00.0,0
000511,0,000732,0,2014-01-30 00:00:00.0,0
000511,0,000730,1,2014-01-30 00:00:00.0,0
000730,1,000732,0,2014-01-30 00:00:00.0,0
000732,0,000730,1,2014-01-30 00:00:00.0,0
000732,0,000011,1,2014-01-30 00:00:00.0,0
000011,1,000732,0,2014-01-30 00:00:00.0,0
000011,1,000730,1,2014-01-30 00:00:00.0,0
000730,1,000011,1,2014-01-30 00:00:00.0,0
000279,2,001003,2,2014-01-30 00:00:00.0,0
001003,2,000994,2,2014-01-30 00:00:00.0,0
000994,2,001003,2,2014-01-30 00:00:00.0,0
000994,2,000279,2,2014-01-30 00:00:00.0,0
001003,2,000279,2,2014-01-30 00:00:00.0,0
001003,2,000031,1,2014-01-30 00:00:00.0,0
000994,2,000031,1,2014-01-30 00:00:00.0,0
000246,1,000011,1,2014-01-31 00:00:00.0,12
000246,1,000730,1,2014-01-31 00:00:00.0,0
001017,2,000329,0,2014-02-01 00:00:00.0,0
001042,2,000329,0,2014-02-03 00:00:00.0,22
000570,0,000730,1,2014-02-03 00:00:00.0,0
000037,1,000570,0,2014-02-05 00:00:00.0,0
000132,0,000570,0,2014-02-05 00:00:00.0,0
000570,0,000132,0,2014-02-05 00:00:00.0,0
000570,0,000523,0,2014-02-05 00:00:00.0,0
000570,0,000020,0,2014-02-05 00:00:00.0,0
000570,0,000732,0,2014-02-05 00:00:00.0,0
000132,0,000524,1,2014-02-07 00:00:00.0,0
001073,0,000250,0,2014-02-07 00:00:00.0,0
001082,3,000039,1,2014-02-08 00:00:00.0,0
001082,3,000132,0,2014-02-08 00:00:00.0,0
000037,1,000246,1,2014-02-08 00:00:00.0,0
000570,0,000246,1,2014-02-08 00:00:00.0,0
000040,1,001082,3,2014-02-08 00:00:00.0,0
000037,1,001082,3,2014-02-08 00:00:00.0,0
001082,3,000037,1,2014-02-08 00:00:00.0,0
000246,1,000732,0,2014-02-09 00:00:00.0,0
000570,0,000570,0,2014-02-10 00:00:00.0,0
000132,0,001161,3,2014-02-10 00:00:00.0,0
001161,3,000037,1,2014-02-10 00:00:00.0,0
001161,3,000040,1,2014-02-10 00:00:00.0,0
001082,3,000040,1,2014-02-10 00:00:00.0,0
001073,0,000126,0,2014-02-10 00:00:00.0,0
001161,3,000207,1,2014-02-11 00:00:00.0,0
001073,0,000614,0,2014-02-11 00:00:00.0,0
001210,1,001073,0,2014-02-11 00:00:00.0,0
001073,0,001210,1,2014-02-11 00:00:00.0,0
001321,2,001204,0,2014-02-12 00:00:00.0,4
000570,0,000511,0,2014-02-13 00:00:00.0,0
001474,1,000250,0,2014-02-14 00:00:00.0,0
001474,1,000126,0,2014-02-14 00:00:00.0,0
000735,0,000614,0,2014-02-14 00:00:00.0,0
000614,0,000735,0,2014-02-14 00:00:00.0,0
001590,2,000524,1,2014-02-15 00:00:00.0,56
001590,2,000040,1,2014-02-15 00:00:00.0,71
000279,2,000132,0,2014-02-15 00:00:00.0,1
001769,2,000304,1,2014-02-18 00:00:00.0,0
001210,1,001474,1,2014-02-20 00:00:00.0,0
001590,2,000416,1,2014-02-22 00:00:00.0,65
000246,1,001376,1,2014-02-22 00:00:00.0,3
001590,2,000039,1,2014-02-23 00:00:00.0,85
001857,1,000596,1,2014-02-24 00:00:00.0,0
001376,1,000246,1,2014-02-24 00:00:00.0,0
000482,0,000037,1,2014-02-25 00:00:00.0,0
001864,1,001828,1,2014-02-25 00:00:00.0,0
001828,1,000250,0,2014-02-25 00:00:00.0,0
001828,1,001864,1,2014-02-27 00:00:00.0,0
000207,1,001590,2,2014-02-28 00:00:00.0,0
001911,2,001590,2,2014-03-01 00:00:00.0,0
001911,2,001825,0,2014-03-01 00:00:00.0,0
000037,1,001590,2,2014-03-02 00:00:00.0,1
001925,1,000596,1,2014-03-02 00:00:00.0,0
001925,1,001857,1,2014-03-02 00:00:00.0,0
001919,3,000011,1,2014-03-02 00:00:00.0,0
001821,0,001864,1,2014-03-03 00:00:00.0,0
001821,0,001828,1,2014-03-03 00:00:00.0,0
001828,1,001857,1,2014-03-03 00:00:00.0,0
000267,2,001825,0,2014-03-03 00:00:00.0,2
001956,2,000614,0,2014-03-03 00:00:00.0,0
001857,1,000614,0,2014-03-03 00:00:00.0,0
000614,0,001956,2,2014-03-03 00:00:00.0,0
001956,2,001857,1,2014-03-03 00:00:00.0,0
001857,1,001956,2,2014-03-03 00:00:00.0,0
001948,2,000106,1,2014-03-03 00:00:00.0,4
001857,1,001828,1,2014-03-04 00:00:00.0,0
000031,1,000246,1,2014-03-05 00:00:00.0,0
002103,2,001968,0,2014-03-05 00:00:00.0,0
001590,2,002170,2,2014-03-06 00:00:00.0,72
002170,2,000207,1,2014-03-06 00:00:00.0,2
002170,2,001590,2,2014-03-06 00:00:00.0,2
002170,2,000039,1,2014-03-06 00:00:00.0,1
001161,3,000039,1,2014-03-08 00:00:00.0,0
001161,3,001590,2,2014-03-08 00:00:00.0,0
002271,3,000011,1,2014-03-09 00:00:00.0,0
002212,0,002185,1,2014-03-10 00:00:00.0,0
002185,1,002212,0,2014-03-10 00:00:00.0,0
002310,0,002318,0,2014-03-13 00:00:00.0,0
000037,1,001161,3,2014-03-15 00:00:00.0,0
000037,1,000279,2,2014-03-15 00:00:00.0,0
002382,0,002419,2,2014-03-15 00:00:00.0,0
002419,2,002382,0,2014-03-15 00:00:00.0,0
000416,1,000040,1,2014-03-15 00:00:00.0,0
000416,1,000039,1,2014-03-15 00:00:00.0,0
001376,1,001590,2,2014-03-15 00:00:00.0,0
001133,1,000200,0,2014-03-17 00:00:00.0,0
002487,2,002416,0,2014-03-17 00:00:00.0,0
001956,2,000524,1,2014-03-17 00:00:00.0,0
002466,2,002473,2,2014-03-17 00:00:00.0,0
002473,2,002466,2,2014-03-17 00:00:00.0,0
002473,2,002416,0,2014-03-17 00:00:00.0,0
002416,0,002473,2,2014-03-17 00:00:00.0,0
002466,2,002416,0,2014-03-17 00:00:00.0,0
002416,0,002466,2,2014-03-17 00:00:00.0,0
002480,4,000279,2,2014-03-18 00:00:00.0,44
002480,4,000031,1,2014-03-18 00:00:00.0,1
002466,2,002212,0,2014-03-19 00:00:00.0,0
002212,0,002466,2,2014-03-19 00:00:00.0,0
002480,4,000037,1,2014-03-19 00:00:00.0,3
002480,4,001590,2,2014-03-19 00:00:00.0,16
,0,000279,2,2014-03-19 00:00:00.0,0
000246,1,002570,2,2014-03-21 00:00:00.0,0
002212,0,001956,2,2014-03-21 00:00:00.0,0
000524,1,000037,1,2014-03-21 00:00:00.0,0
001956,2,000037,1,2014-03-21 00:00:00.0,0
000524,1,002212,0,2014-03-21 00:00:00.0,0
001956,2,002191,1,2014-03-21 00:00:00.0,0
000246,1,002327,3,2014-03-22 00:00:00.0,28
002327,3,000011,1,2014-03-23 00:00:00.0,106
002602,2,002185,1,2014-03-24 00:00:00.0,4
002185,1,002602,2,2014-03-24 00:00:00.0,0
002602,2,000614,0,2014-03-24 00:00:00.0,4
002189,1,002602,2,2014-03-24 00:00:00.0,4
002602,2,002189,1,2014-03-24 00:00:00.0,40
002672,0,002634,1,2014-03-26 00:00:00.0,0
000040,1,001590,2,2014-03-26 00:00:00.0,0
002653,0,002191,1,2014-03-26 00:00:00.0,0
002672,0,002688,0,2014-03-26 00:00:00.0,0
002653,0,002672,0,2014-03-26 00:00:00.0,0
002688,0,002191,1,2014-03-26 00:00:00.0,0
002191,1,002688,0,2014-03-26 00:00:00.0,0
002653,0,002688,0,2014-03-26 00:00:00.0,0
002191,1,002653,0,2014-03-26 00:00:00.0,0
002688,0,002653,0,2014-03-26 00:00:00.0,0
001956,2,002653,0,2014-03-26 00:00:00.0,0
002185,1,002189,1,2014-03-26 00:00:00.0,0
002189,1,002807,0,2014-03-27 00:00:00.0,6
002189,1,002789,0,2014-03-27 00:00:00.0,0
002189,1,002804,0,2014-03-27 00:00:00.0,0
002189,1,002787,0,2014-03-27 00:00:00.0,0
002189,1,002798,0,2014-03-27 00:00:00.0,0
002672,0,002807,0,2014-03-27 00:00:00.0,0
002672,0,002789,0,2014-03-27 00:00:00.0,0
002672,0,002804,0,2014-03-27 00:00:00.0,0
002672,0,002787,0,2014-03-27 00:00:00.0,0
002672,0,002798,0,2014-03-27 00:00:00.0,0
002688,0,002807,0,2014-03-27 00:00:00.0,0
002688,0,002789,0,2014-03-27 00:00:00.0,0
002688,0,002804,0,2014-03-27 00:00:00.0,0
002688,0,002787,0,2014-03-27 00:00:00.0,0
002688,0,002798,0,2014-03-27 00:00:00.0,0
002634,1,002191,1,2014-03-27 00:00:00.0,15
002634,1,002653,0,2014-03-27 00:00:00.0,17
000037,1,000416,1,2014-03-28 00:00:00.0,2
000037,1,001376,1,2014-03-28 00:00:00.0,0
002327,3,000037,1,2014-03-28 00:00:00.0,36
002327,3,001376,1,2014-03-28 00:00:00.0,8
002327,3,000416,1,2014-03-28 00:00:00.0,90
002856,2,000279,2,2014-03-28 00:00:00.0,2
002480,4,000011,1,2014-03-28 00:00:00.0,0
002848,2,002673,0,2014-03-28 00:00:00.0,3
002634,1,001956,2,2014-03-28 00:00:00.0,13
002831,2,002634,1,2014-03-28 00:00:00.0,0
002831,2,002702,0,2014-03-28 00:00:00.0,0
002658,2,002634,1,2014-03-28 00:00:00.0,0
002830,4,000037,1,2014-03-28 00:00:00.0,0
002602,2,002807,0,2014-03-28 00:00:00.0,1
002602,2,002789,0,2014-03-28 00:00:00.0,1
002602,2,002804,0,2014-03-28 00:00:00.0,1
002602,2,002787,0,2014-03-28 00:00:00.0,1
002602,2,002798,0,2014-03-28 00:00:00.0,1
002634,1,002688,0,2014-03-28 00:00:00.0,18
001956,2,002634,1,2014-03-28 00:00:00.0,0
001956,2,002672,0,2014-03-28 00:00:00.0,0
002634,1,002672,0,2014-03-28 00:00:00.0,18
002634,1,002185,1,2014-03-28 00:00:00.0,18
002823,2,002702,0,2014-03-28 00:00:00.0,0
001956,2,002702,0,2014-03-28 00:00:00.0,0
002658,2,002702,0,2014-03-28 00:00:00.0,0
001204,0,001321,2,2014-03-29 00:00:00.0,0
000039,1,001590,2,2014-03-30 00:00:00.0,2
002634,1,002969,4,2014-03-31 00:00:00.0,12
003002,4,002191,1,2014-04-01 00:00:00.0,3
003002,4,001956,2,2014-04-01 00:00:00.0,4
002997,4,002185,1,2014-04-01 00:00:00.0,62
002997,4,002189,1,2014-04-01 00:00:00.0,1
002672,0,003025,0,2014-04-02 00:00:00.0,1
000409,0,000911,0,2014-04-04 00:00:00.0,1
002771,0,003070,2,2014-04-04 00:00:00.0,0
001907,1,002771,0,2014-04-04 00:00:00.0,2
003070,2,002771,0,2014-04-04 00:00:00.0,47
003016,0,003067,0,2014-04-04 00:00:00.0,7
002673,0,002848,2,2014-04-07 00:00:00.0,0
003103,2,003104,2,2014-04-07 00:00:00.0,6
000732,0,003092,2,2014-04-07 00:00:00.0,0
003092,2,000732,0,2014-04-07 00:00:00.0,2
003016,0,002789,0,2014-04-08 00:00:00.0,7
002634,1,002189,1,2014-04-09 00:00:00.0,5
003134,4,000037,1,2014-04-09 00:00:00.0,9
003134,4,000040,1,2014-04-09 00:00:00.0,9
002327,3,000246,1,2014-04-09 00:00:00.0,42
002327,3,000020,0,2014-04-09 00:00:00.0,3
002548,2,003117,0,2014-04-09 00:00:00.0,21
002556,3,003132,3,2014-04-09 00:00:00.0,2
003132,3,002556,3,2014-04-09 00:00:00.0,1
002556,3,000011,1,2014-04-09 00:00:00.0,1
003185,4,003193,2,2014-04-11 00:00:00.0,8
003193,2,003185,4,2014-04-11 00:00:00.0,2
003174,2,003183,4,2014-04-11 00:00:00.0,1
003183,4,003174,2,2014-04-11 00:00:00.0,3
003227,2,003217,4,2014-04-12 00:00:00.0,2
003206,2,003227,2,2014-04-12 00:00:00.0,3
003206,2,003217,4,2014-04-12 00:00:00.0,3
003217,4,003206,2,2014-04-12 00:00:00.0,3
003117,0,002548,2,2014-04-13 00:00:00.0,0
003238,4,000011,1,2014-04-14 00:00:00.0,43
003238,4,000132,0,2014-04-15 00:00:00.0,3
003313,2,003117,0,2014-04-16 00:00:00.0,1
003300,2,003117,0,2014-04-16 00:00:00.0,0
003174,2,003240,0,2014-04-16 00:00:00.0,5
003240,0,003174,2,2014-04-16 00:00:00.0,0
003002,4,002634,1,2014-04-17 00:00:00.0,4
003364,3,001590,2,2014-04-18 00:00:00.0,4
003358,2,003290,2,2014-04-18 00:00:00.0,1
003290,2,003358,2,2014-04-18 00:00:00.0,1
003358,2,003294,1,2014-04-18 00:00:00.0,11
000416,1,000011,1,2014-04-18 00:00:00.0,1
000011,1,000416,1,2014-04-18 00:00:00.0,0
003352,2,000182,1,2014-04-18 00:00:00.0,1
003288,4,003294,1,2014-04-18 00:00:00.0,8
003290,2,003294,1,2014-04-18 00:00:00.0,14
003134,4,000207,1,2014-04-18 00:00:00.0,11
003409,3,000304,1,2014-04-19 00:00:00.0,36
003376,3,000304,1,2014-04-19 00:00:00.0,37
000329,0,001042,2,2014-04-19 00:00:00.0,0
000039,1,003393,3,2014-04-19 00:00:00.0,0
003393,3,000039,1,2014-04-19 00:00:00.0,28
001590,2,003364,3,2014-04-19 00:00:00.0,57
003444,3,000011,1,2014-04-20 00:00:00.0,1
003451,0,003185,4,2014-04-21 00:00:00.0,9
003451,0,003193,2,2014-04-21 00:00:00.0,6
003193,2,003451,0,2014-04-21 00:00:00.0,4
002602,2,002634,1,2014-04-21 00:00:00.0,13
002189,1,002185,1,2014-04-22 00:00:00.0,1
002327,3,003540,3,2014-04-23 00:00:00.0,6
003540,3,000037,1,2014-04-23 00:00:00.0,3
003540,3,000416,1,2014-04-23 00:00:00.0,3
003540,3,000011,1,2014-04-23 00:00:00.0,3
003540,3,002327,3,2014-04-23 00:00:00.0,3
003513,1,003517,1,2014-04-23 00:00:00.0,2
003599,2,003471,1,2014-04-24 00:00:00.0,4
003404,2,003471,1,2014-04-24 00:00:00.0,2
003586,4,003473,1,2014-04-24 00:00:00.0,8
003513,1,002969,4,2014-04-24 00:00:00.0,6
003517,1,002969,4,2014-04-24 00:00:00.0,2
003517,1,003513,1,2014-04-24 00:00:00.0,7
003517,1,002185,1,2014-04-24 00:00:00.0,1
003517,1,002602,2,2014-04-24 00:00:00.0,3
002602,2,003517,1,2014-04-24 00:00:00.0,9
002185,1,003517,1,2014-04-24 00:00:00.0,16
003404,2,003599,2,2014-04-25 00:00:00.0,0
000304,1,003409,3,2014-04-25 00:00:00.0,1
003612,4,003659,0,2014-04-25 00:00:00.0,8
003631,4,002480,4,2014-04-25 00:00:00.0,1
000246,1,002480,4,2014-04-25 00:00:00.0,0
001590,2,003134,4,2014-04-25 00:00:00.0,54
003621,3,003584,1,2014-04-25 00:00:00.0,1
001911,2,003584,1,2014-04-25 00:00:00.0,3
001948,2,000221,1,2014-04-27 00:00:00.0,23
003712,3,000037,1,2014-04-28 00:00:00.0,3
000369,1,003705,2,2014-04-29 00:00:00.0,0
003705,2,000369,1,2014-04-29 00:00:00.0,16
000253,2,003656,1,2014-04-29 00:00:00.0,3
000253,2,003646,1,2014-04-29 00:00:00.0,3
000253,2,003649,1,2014-04-29 00:00:00.0,3
000253,2,003658,1,2014-04-29 00:00:00.0,3
003705,2,000011,1,2014-04-30 00:00:00.0,2
003705,2,000246,1,2014-04-30 00:00:00.0,2
003705,2,000037,1,2014-04-30 00:00:00.0,5
003690,2,003743,4,2014-04-30 00:00:00.0,1
003743,4,003690,2,2014-04-30 00:00:00.0,0
002602,2,000596,1,2014-05-02 00:00:00.0,20
000596,1,002189,1,2014-05-02 00:00:00.0,1
000596,1,002602,2,2014-05-02 00:00:00.0,1
003238,4,000416,1,2014-05-03 00:00:00.0,25
003238,4,002327,3,2014-05-03 00:00:00.0,32
003802,3,003809,3,2014-05-03 00:00:00.0,0
003809,3,003802,3,2014-05-03 00:00:00.0,1
003824,3,000419,0,2014-05-04 00:00:00.0,0
000011,1,002327,3,2014-05-05 00:00:00.0,3
000040,1,003134,4,2014-05-06 00:00:00.0,0
002327,3,003824,3,2014-05-06 00:00:00.0,2
003690,2,003832,1,2014-05-07 00:00:00.0,13
003134,4,000246,1,2014-05-08 00:00:00.0,1
003134,4,000011,1,2014-05-08 00:00:00.0,1
004218,2,004209,4,2014-05-08 00:00:00.0,1
004007,1,003995,2,2014-05-08 00:00:00.0,1
003995,2,004007,1,2014-05-08 00:00:00.0,34
004007,1,004199,4,2014-05-08 00:00:00.0,0
003841,3,003910,1,2014-05-08 00:00:00.0,12
003910,1,003833,4,2014-05-08 00:00:00.0,0
003841,3,003833,4,2014-05-08 00:00:00.0,1
004199,4,004007,1,2014-05-08 00:00:00.0,35
004073,3,002185,1,2014-05-08 00:00:00.0,9
004180,2,003866,1,2014-05-08 00:00:00.0,6
000039,1,002170,2,2014-05-09 00:00:00.0,0
004347,2,003690,2,2014-05-09 00:00:00.0,1
004347,2,003832,1,2014-05-09 00:00:00.0,66
003690,2,004347,2,2014-05-09 00:00:00.0,1
004545,4,004135,0,2014-05-10 00:00:00.0,45
004135,0,004545,4,2014-05-10 00:00:00.0,3
003200,4,003139,1,2014-05-10 00:00:00.0,82
003139,1,003200,4,2014-05-10 00:00:00.0,0
004437,2,004453,2,2014-05-10 00:00:00.0,0
004453,2,004437,2,2014-05-10 00:00:00.0,7
004453,2,004308,1,2014-05-10 00:00:00.0,8
004308,1,004437,2,2014-05-10 00:00:00.0,0
004437,2,004308,1,2014-05-10 00:00:00.0,7
004430,2,004131,1,2014-05-10 00:00:00.0,3
003833,4,003910,1,2014-05-10 00:00:00.0,1
001972,1,004624,3,2014-05-11 00:00:00.0,0
004624,3,001972,1,2014-05-11 00:00:00.0,4
004135,0,004593,2,2014-05-11 00:00:00.0,1
004593,2,004135,0,2014-05-11 00:00:00.0,0
000962,1,004560,2,2014-05-11 00:00:00.0,0
004560,2,000962,1,2014-05-11 00:00:00.0,13
004808,2,002771,0,2014-05-12 00:00:00.0,28
004716,2,004224,1,2014-05-12 00:00:00.0,23
005030,4,005038,2,2014-05-14 00:00:00.0,0
005030,4,005023,3,2014-05-14 00:00:00.0,0
005038,2,005023,3,2014-05-14 00:00:00.0,0
005038,2,005030,4,2014-05-14 00:00:00.0,0
005023,3,005038,2,2014-05-14 00:00:00.0,0
005023,3,005030,4,2014-05-14 00:00:00.0,0
004461,2,004725,1,2014-05-14 00:00:00.0,31
004990,3,004114,0,2014-05-14 00:00:00.0,0
004970,3,004848,1,2014-05-14 00:00:00.0,0
004957,4,004848,1,2014-05-14 00:00:00.0,0
005113,2,004953,1,2014-05-15 00:00:00.0,0
003633,1,005067,2,2014-05-15 00:00:00.0,0
005067,2,003633,1,2014-05-15 00:00:00.0,0
005224,2,002771,0,2014-05-16 00:00:00.0,39
005188,2,005088,1,2014-05-16 00:00:00.0,0
004073,3,004990,3,2014-05-16 00:00:00.0,0
005277,2,000011,1,2014-05-17 00:00:00.0,0
005277,2,000732,0,2014-05-17 00:00:00.0,0
005267,2,005262,2,2014-05-17 00:00:00.0,0
005262,2,005267,2,2014-05-17 00:00:00.0,0
005030,4,005089,1,2014-05-18 00:00:00.0,0
005307,1,005118,2,2014-05-18 00:00:00.0,0
005023,3,005089,1,2014-05-18 00:00:00.0,1
005089,1,005030,4,2014-05-18 00:00:00.0,0
005089,1,005023,3,2014-05-18 00:00:00.0,0
005089,1,005038,2,2014-05-18 00:00:00.0,0
005038,2,005089,1,2014-05-18 00:00:00.0,0
005307,1,005318,4,2014-05-18 00:00:00.0,0
005318,4,005118,2,2014-05-18 00:00:00.0,0
005318,4,005307,1,2014-05-18 00:00:00.0,0
005118,2,005307,1,2014-05-18 00:00:00.0,2
005124,1,005118,2,2014-05-18 00:00:00.0,0
003142,4,001590,2,2014-05-19 00:00:00.0,0
005474,4,004983,1,2014-05-20 00:00:00.0,0
005453,4,004983,1,2014-05-20 00:00:00.0,0
005262,2,005431,2,2014-05-20 00:00:00.0,0
005437,2,005431,2,2014-05-20 00:00:00.0,0
005431,2,005437,2,2014-05-20 00:00:00.0,0
004983,1,005422,2,2014-05-20 00:00:00.0,0
004983,1,005425,2,2014-05-20 00:00:00.0,0
005425,2,004983,1,2014-05-20 00:00:00.0,60
005422,2,004983,1,2014-05-20 00:00:00.0,6
005538,3,004983,1,2014-05-21 00:00:00.0,10
005530,2,004983,1,2014-05-21 00:00:00.0,11
003646,1,003574,1,2014-05-21 00:00:00.0,0
003568,1,003907,1,2014-05-21 00:00:00.0,0
003568,1,003646,1,2014-05-21 00:00:00.0,0
003568,1,003574,1,2014-05-21 00:00:00.0,0
005516,4,004983,1,2014-05-21 00:00:00.0,0
005623,1,005612,2,2014-05-23 00:00:00.0,0
005612,2,005623,1,2014-05-23 00:00:00.0,54
005612,2,005705,2,2014-05-24 00:00:00.0,2
005705,2,005612,2,2014-05-24 00:00:00.0,1
005705,2,005623,1,2014-05-24 00:00:00.0,4
005704,3,005539,1,2014-05-24 00:00:00.0,30
005623,1,005705,2,2014-05-25 00:00:00.0,0
005767,2,005617,1,2014-05-26 00:00:00.0,4
000816,2,000037,1,2014-05-26 00:00:00.0,2
005732,2,005617,1,2014-05-26 00:00:00.0,9
005719,3,005671,1,2014-05-26 00:00:00.0,1
005853,3,005765,0,2014-05-28 00:00:00.0,38
005841,0,004990,3,2014-05-28 00:00:00.0,11
005841,0,005842,0,2014-05-28 00:00:00.0,11
005842,0,004990,3,2014-05-28 00:00:00.0,5
005842,0,005841,0,2014-05-28 00:00:00.0,4
002327,3,005359,0,2014-05-29 00:00:00.0,20
005846,1,005959,4,2014-05-30 00:00:00.0,0
005860,4,005765,0,2014-05-30 00:00:00.0,54
005934,0,005932,0,2014-05-30 00:00:00.0,16
005932,0,005934,0,2014-05-30 00:00:00.0,26
005923,3,005539,1,2014-05-30 00:00:00.0,60
005899,1,005990,4,2014-05-31 00:00:00.0,1
005990,4,005899,1,2014-05-31 00:00:00.0,13
005990,4,005724,2,2014-05-31 00:00:00.0,0
005899,1,005724,2,2014-05-31 00:00:00.0,1
005724,2,005899,1,2014-05-31 00:00:00.0,3
005983,2,005773,0,2014-05-31 00:00:00.0,1
005952,2,005959,4,2014-05-31 00:00:00.0,3
006012,2,005890,1,2014-06-01 00:00:00.0,133
006007,4,001590,2,2014-06-01 00:00:00.0,11
006007,4,003134,4,2014-06-01 00:00:00.0,0
000990,2,006007,4,2014-06-01 00:00:00.0,2
005998,3,005890,1,2014-06-01 00:00:00.0,4
006033,2,005877,1,2014-06-02 00:00:00.0,3
006031,2,006025,2,2014-06-02 00:00:00.0,0
005890,1,006012,2,2014-06-02 00:00:00.0,0
006128,4,000037,1,2014-06-04 00:00:00.0,1
000037,1,006082,3,2014-06-04 00:00:00.0,4
005866,0,006113,3,2014-06-04 00:00:00.0,0
006113,3,005866,0,2014-06-04 00:00:00.0,135
000037,1,000816,2,2014-06-04 00:00:00.0,1
006082,3,000037,1,2014-06-04 00:00:00.0,3
002969,4,005932,0,2014-06-04 00:00:00.0,156
002969,4,005934,0,2014-06-04 00:00:00.0,186
002969,4,005359,0,2014-06-05 00:00:00.0,12
006135,2,005374,1,2014-06-05 00:00:00.0,2
006207,4,005556,1,2014-06-06 00:00:00.0,9
002327,3,000040,1,2014-06-06 00:00:00.0,18
002969,4,006166,0,2014-06-06 00:00:00.0,7
002969,4,006178,0,2014-06-06 00:00:00.0,6
002969,4,005828,0,2014-06-06 00:00:00.0,4
002969,4,005830,0,2014-06-06 00:00:00.0,4
003238,4,000040,1,2014-06-06 00:00:00.0,25
006325,3,006062,1,2014-06-07 00:00:00.0,8
006320,4,005944,1,2014-06-07 00:00:00.0,162
005944,1,006313,2,2014-06-07 00:00:00.0,0
006313,2,005944,1,2014-06-07 00:00:00.0,63
006145,1,006347,2,2014-06-08 00:00:00.0,0
006347,2,006145,1,2014-06-08 00:00:00.0,105
006432,2,004725,1,2014-06-09 00:00:00.0,18
006426,3,006160,1,2014-06-09 00:00:00.0,2
006145,1,006352,4,2014-06-09 00:00:00.0,0
006347,2,006352,4,2014-06-09 00:00:00.0,0
006352,4,006347,2,2014-06-09 00:00:00.0,29
006352,4,006145,1,2014-06-09 00:00:00.0,112
006539,2,006227,1,2014-06-10 00:00:00.0,2
006535,3,006369,1,2014-06-10 00:00:00.0,3
006376,1,006479,3,2014-06-10 00:00:00.0,1
006479,3,006376,1,2014-06-10 00:00:00.0,36
006462,3,006358,1,2014-06-10 00:00:00.0,11
006402,1,006603,3,2014-06-11 00:00:00.0,0
006603,3,006402,1,2014-06-11 00:00:00.0,22
006597,4,006227,1,2014-06-11 00:00:00.0,0
006593,3,006407,1,2014-06-11 00:00:00.0,6
006586,4,006407,1,2014-06-11 00:00:00.0,12
004983,1,005530,2,2014-06-11 00:00:00.0,0
006407,1,006585,3,2014-06-11 00:00:00.0,0
006585,3,006407,1,2014-06-11 00:00:00.0,2
006572,2,006493,0,2014-06-11 00:00:00.0,3
002602,2,006069,1,2014-06-11 00:00:00.0,5
000040,1,006441,0,2014-06-11 00:00:00.0,1
002969,4,006441,0,2014-06-11 00:00:00.0,1
006555,1,006641,4,2014-06-12 00:00:00.0,0
006641,4,006555,1,2014-06-12 00:00:00.0,31
002969,4,006623,0,2014-06-12 00:00:00.0,7
006617,4,006418,1,2014-06-12 00:00:00.0,46
006616,2,006418,1,2014-06-12 00:00:00.0,3
000246,1,000040,1,2014-06-13 00:00:00.0,3
006682,2,006441,0,2014-06-13 00:00:00.0,3
000279,2,000416,1,2014-06-13 00:00:00.0,0
002480,4,000416,1,2014-06-13 00:00:00.0,2
003929,1,004990,3,2014-06-13 00:00:00.0,1
004990,3,003858,1,2014-06-13 00:00:00.0,4
004990,3,003929,1,2014-06-13 00:00:00.0,3
006670,4,006454,1,2014-06-13 00:00:00.0,11
004990,3,006441,0,2014-06-13 00:00:00.0,6
006493,0,006572,2,2014-06-13 00:00:00.0,0
004983,1,005538,3,2014-06-14 00:00:00.0,0
006657,0,006706,3,2014-06-15 00:00:00.0,0
006706,3,006657,0,2014-06-15 00:00:00.0,5
006795,4,006786,3,2014-06-16 00:00:00.0,0
006749,2,006665,0,2014-06-16 00:00:00.0,130
006665,0,006749,2,2014-06-16 00:00:00.0,0
002327,3,005934,0,2014-06-16 00:00:00.0,2
006738,2,006665,0,2014-06-16 00:00:00.0,4
000039,1,000207,1,2014-06-17 00:00:00.0,3
006831,4,006479,3,2014-06-17 00:00:00.0,1
006831,4,006376,1,2014-06-17 00:00:00.0,3
006818,4,006657,0,2014-06-17 00:00:00.0,0
006929,2,006766,0,2014-06-18 00:00:00.0,110
000207,1,000039,1,2014-06-18 00:00:00.0,0
006779,1,006915,2,2014-06-18 00:00:00.0,0
006927,2,006755,0,2014-06-18 00:00:00.0,6
006755,0,006927,2,2014-06-18 00:00:00.0,0
006915,2,006779,1,2014-06-18 00:00:00.0,1
007014,4,006722,0,2014-06-19 00:00:00.0,3
006722,0,007007,3,2014-06-19 00:00:00.0,0
007007,3,006722,0,2014-06-19 00:00:00.0,2
006722,0,006989,2,2014-06-19 00:00:00.0,0
007004,3,006783,0,2014-06-19 00:00:00.0,47
006989,2,006722,0,2014-06-19 00:00:00.0,3
005617,1,006977,2,2014-06-19 00:00:00.0,0
006977,2,005617,1,2014-06-19 00:00:00.0,5
000037,1,006943,2,2014-06-19 00:00:00.0,1
006943,2,000037,1,2014-06-19 00:00:00.0,0
006833,0,006942,4,2014-06-19 00:00:00.0,0
006942,4,006833,0,2014-06-19 00:00:00.0,122
006833,0,006936,2,2014-06-19 00:00:00.0,0
006936,2,006833,0,2014-06-19 00:00:00.0,5
006722,0,007014,4,2014-06-20 00:00:00.0,0
006749,2,006911,0,2014-06-20 00:00:00.0,170
007060,3,006890,0,2014-06-21 00:00:00.0,19
002327,3,006890,0,2014-06-21 00:00:00.0,19
007094,3,000106,1,2014-06-22 00:00:00.0,1
007094,3,000221,1,2014-06-22 00:00:00.0,4
006145,1,007087,3,2014-06-22 00:00:00.0,0
007087,3,006347,2,2014-06-22 00:00:00.0,6
007087,3,006145,1,2014-06-22 00:00:00.0,10
007079,2,006898,0,2014-06-22 00:00:00.0,1
007068,3,006898,0,2014-06-22 00:00:00.0,11
007184,2,007198,4,2014-06-24 00:00:00.0,0
007198,4,007184,2,2014-06-24 00:00:00.0,3
007184,2,007186,2,2014-06-24 00:00:00.0,2
006738,2,006448,1,2014-06-24 00:00:00.0,11
007071,2,006984,0,2014-06-24 00:00:00.0,3
006984,0,007071,2,2014-06-24 00:00:00.0,0
007293,3,007116,1,2014-06-25 00:00:00.0,34
007288,2,007116,1,2014-06-25 00:00:00.0,19
004976,1,007268,2,2014-06-25 00:00:00.0,0
007268,2,004796,2,2014-06-25 00:00:00.0,0
007268,2,004976,1,2014-06-25 00:00:00.0,1
005202,2,007163,0,2014-06-25 00:00:00.0,0
003134,4,000155,0,2014-06-25 00:00:00.0,0
001590,2,000155,0,2014-06-25 00:00:00.0,20
007112,0,007163,0,2014-06-25 00:00:00.0,2
004073,3,007163,0,2014-06-25 00:00:00.0,1
007236,3,006856,0,2014-06-25 00:00:00.0,7
007227,4,007221,2,2014-06-25 00:00:00.0,2
007227,4,007112,0,2014-06-25 00:00:00.0,1
007227,4,007163,0,2014-06-25 00:00:00.0,1
007221,2,007163,0,2014-06-25 00:00:00.0,1
004990,3,007179,0,2014-06-25 00:00:00.0,1
007220,2,007128,0,2014-06-25 00:00:00.0,14
007128,0,007220,2,2014-06-26 00:00:00.0,2
006755,0,007378,3,2014-06-26 00:00:00.0,0
007378,3,006755,0,2014-06-26 00:00:00.0,7
007370,2,005944,1,2014-06-26 00:00:00.0,173
007363,3,007117,0,2014-06-26 00:00:00.0,1
007117,0,007357,3,2014-06-26 00:00:00.0,1
007357,3,007117,0,2014-06-26 00:00:00.0,2
007353,3,007117,0,2014-06-26 00:00:00.0,13
007312,3,007293,3,2014-06-26 00:00:00.0,9
007326,3,007163,0,2014-06-26 00:00:00.0,1
007294,3,007300,3,2014-06-26 00:00:00.0,1
007300,3,007294,3,2014-06-26 00:00:00.0,1
007294,3,007116,1,2014-06-26 00:00:00.0,2
006890,0,007421,2,2014-06-27 00:00:00.0,0
007421,2,006890,0,2014-06-27 00:00:00.0,6
007174,0,007184,2,2014-06-27 00:00:00.0,0
007184,2,007174,0,2014-06-27 00:00:00.0,96
006749,2,006448,1,2014-06-27 00:00:00.0,0
000267,2,007179,0,2014-06-28 00:00:00.0,0
006347,2,007087,3,2014-06-29 00:00:00.0,0
006007,4,000155,0,2014-06-30 00:00:00.0,18
006830,0,007472,3,2014-06-30 00:00:00.0,0
007472,3,006830,0,2014-06-30 00:00:00.0,90
007867,3,007459,0,2014-07-02 00:00:00.0,3
007779,3,007769,2,2014-07-02 00:00:00.0,0
007769,2,007779,3,2014-07-02 00:00:00.0,3
007769,2,001234,2,2014-07-02 00:00:00.0,0
008132,3,008134,2,2014-07-04 00:00:00.0,3
007501,2,007540,0,2014-07-04 00:00:00.0,0
005899,1,008062,2,2014-07-04 00:00:00.0,0
008062,2,005899,1,2014-07-04 00:00:00.0,46
008055,3,007250,1,2014-07-04 00:00:00.0,64
007312,3,007250,1,2014-07-04 00:00:00.0,21
007300,3,007250,1,2014-07-04 00:00:00.0,8
007207,1,007430,2,2014-07-05 00:00:00.0,1
007430,2,007207,1,2014-07-05 00:00:00.0,6
008190,2,007898,1,2014-07-05 00:00:00.0,1
008183,2,007898,1,2014-07-05 00:00:00.0,28
007898,1,008183,2,2014-07-05 00:00:00.0,0
008335,3,007250,1,2014-07-06 00:00:00.0,12
007252,1,008320,2,2014-07-06 00:00:00.0,1
008320,2,007252,1,2014-07-06 00:00:00.0,8
008492,2,008069,0,2014-07-07 00:00:00.0,89
008484,2,007913,1,2014-07-07 00:00:00.0,2
008491,3,007913,1,2014-07-07 00:00:00.0,1
004990,3,007540,0,2014-07-07 00:00:00.0,1
004990,3,007501,2,2014-07-07 00:00:00.0,1
007501,2,002185,1,2014-07-07 00:00:00.0,0
007540,0,007501,2,2014-07-07 00:00:00.0,0
004990,3,003554,1,2014-07-07 00:00:00.0,10
007257,1,008440,2,2014-07-07 00:00:00.0,0
008440,2,007257,1,2014-07-07 00:00:00.0,2
007737,3,008034,1,2014-07-07 00:00:00.0,1
008078,0,008641,4,2014-07-08 00:00:00.0,0
008641,4,008078,0,2014-07-08 00:00:00.0,186
008642,4,008641,4,2014-07-08 00:00:00.0,0
008611,2,000962,1,2014-07-08 00:00:00.0,1
008601,3,000962,1,2014-07-08 00:00:00.0,26
008779,2,008828,2,2014-07-10 00:00:00.0,1
008828,2,008528,1,2014-07-10 00:00:00.0,1
008821,4,008528,1,2014-07-10 00:00:00.0,1
008528,1,008779,2,2014-07-10 00:00:00.0,1
008804,3,000011,1,2014-07-10 00:00:00.0,1
008804,3,000416,1,2014-07-10 00:00:00.0,2
008779,2,008528,1,2014-07-10 00:00:00.0,2
008758,3,008513,1,2014-07-10 00:00:00.0,25
008758,3,008513,1,2014-07-10 00:00:00.0,25
008758,3,008513,1,2014-07-10 00:00:00.0,25
008758,3,008513,1,2014-07-10 00:00:00.0,25
007529,1,008933,2,2014-07-11 00:00:00.0,0
008933,2,007529,1,2014-07-11 00:00:00.0,5
007529,1,007510,2,2014-07-11 00:00:00.0,0
007510,2,007529,1,2014-07-11 00:00:00.0,14
006956,0,008912,2,2014-07-11 00:00:00.0,0
008912,2,006956,0,2014-07-11 00:00:00.0,5
008904,3,008670,0,2014-07-11 00:00:00.0,14
008904,3,008670,0,2014-07-11 00:00:00.0,14
008904,3,008670,0,2014-07-11 00:00:00.0,14
008904,3,008670,0,2014-07-11 00:00:00.0,14
007769,2,008552,0,2014-07-11 00:00:00.0,1
008895,4,008513,1,2014-07-11 00:00:00.0,43
008758,3,008895,4,2014-07-11 00:00:00.0,0
007793,3,008552,0,2014-07-11 00:00:00.0,4
007242,1,008868,3,2014-07-13 00:00:00.0,0
008868,3,007242,1,2014-07-13 00:00:00.0,11
009090,2,002327,3,2014-07-13 00:00:00.0,2
008611,2,002327,3,2014-07-13 00:00:00.0,1
009074,4,008670,0,2014-07-13 00:00:00.0,2
009068,3,007257,1,2014-07-13 00:00:00.0,2
009062,2,000732,0,2014-07-13 00:00:00.0,2
009062,2,000730,1,2014-07-13 00:00:00.0,12
009044,4,008707,0,2014-07-13 00:00:00.0,4
009035,2,008707,0,2014-07-13 00:00:00.0,3
009031,2,002327,3,2014-07-13 00:00:00.0,0
009031,2,000730,1,2014-07-13 00:00:00.0,1
002327,3,000730,1,2014-07-13 00:00:00.0,4
007409,0,009182,4,2014-07-14 00:00:00.0,1
007409,0,009147,2,2014-07-14 00:00:00.0,2
009147,2,007409,0,2014-07-14 00:00:00.0,1
009189,4,008732,1,2014-07-14 00:00:00.0,13
008864,2,008732,1,2014-07-14 00:00:00.0,1
009182,4,007409,0,2014-07-14 00:00:00.0,1
005944,1,007370,2,2014-07-14 00:00:00.0,0
007015,3,007014,4,2014-07-14 00:00:00.0,0
009260,4,007242,1,2014-07-15 00:00:00.0,1
008799,0,009206,2,2014-07-15 00:00:00.0,0
009206,2,008799,0,2014-07-15 00:00:00.0,96
009334,2,007562,0,2014-07-16 00:00:00.0,0
009273,3,009112,1,2014-07-16 00:00:00.0,35
009266,4,007510,2,2014-07-16 00:00:00.0,1
004732,1,005342,3,2014-07-17 00:00:00.0,0
005342,3,004732,1,2014-07-17 00:00:00.0,57
009355,4,009310,2,2014-07-17 00:00:00.0,0
009310,2,009355,4,2014-07-17 00:00:00.0,0
009523,2,009522,4,2014-07-18 00:00:00.0,0
004073,3,008836,1,2014-07-18 00:00:00.0,0
009523,2,004073,3,2014-07-18 00:00:00.0,0
009522,4,009523,2,2014-07-18 00:00:00.0,0
009522,4,008836,1,2014-07-18 00:00:00.0,0
000990,2,000155,0,2014-07-18 00:00:00.0,0
008836,1,009522,4,2014-07-18 00:00:00.0,0
008836,1,009523,2,2014-07-18 00:00:00.0,0
009575,4,006984,0,2014-07-18 00:00:00.0,0
009523,2,008836,1,2014-07-18 00:00:00.0,4
009567,3,006984,0,2014-07-18 00:00:00.0,50
009557,4,007250,1,2014-07-18 00:00:00.0,0
007898,1,008190,2,2014-07-18 00:00:00.0,0
009615,2,009405,1,2014-07-19 00:00:00.0,0
009239,0,009600,4,2014-07-19 00:00:00.0,0
009600,4,009239,0,2014-07-19 00:00:00.0,0
009239,0,009594,2,2014-07-19 00:00:00.0,0
009594,2,009239,0,2014-07-19 00:00:00.0,0
009587,3,006984,0,2014-07-19 00:00:00.0,0
004624,3,000962,1,2014-07-19 00:00:00.0,2
002327,3,009031,2,2014-07-20 00:00:00.0,0
009281,0,009616,2,2014-07-20 00:00:00.0,0
009616,2,009281,0,2014-07-20 00:00:00.0,0
009239,0,009710,2,2014-07-21 00:00:00.0,0
009710,2,009239,0,2014-07-21 00:00:00.0,0
009701,3,008710,1,2014-07-21 00:00:00.0,0
009669,4,009693,2,2014-07-21 00:00:00.0,0
009683,3,009687,3,2014-07-21 00:00:00.0,0
009693,2,009659,1,2014-07-21 00:00:00.0,0
009693,2,009600,4,2014-07-21 00:00:00.0,0
009693,2,009669,4,2014-07-21 00:00:00.0,0
009693,2,009683,3,2014-07-21 00:00:00.0,0
009683,3,009693,2,2014-07-21 00:00:00.0,0
009685,3,009687,3,2014-07-21 00:00:00.0,0
009687,3,009685,3,2014-07-21 00:00:00.0,0
009687,3,009669,4,2014-07-21 00:00:00.0,0
009687,3,009683,3,2014-07-21 00:00:00.0,0
009685,3,009669,4,2014-07-21 00:00:00.0,0
009683,3,009669,4,2014-07-21 00:00:00.0,0
009669,4,009683,3,2014-07-21 00:00:00.0,0
009648,0,002969,4,2014-07-21 00:00:00.0,0
002969,4,009648,0,2014-07-21 00:00:00.0,0
004218,2,009373,0,2014-07-21 00:00:00.0,0
009640,3,008034,1,2014-07-21 00:00:00.0,2
009836,3,009827,4,2014-07-22 00:00:00.0,0
009508,0,009759,3,2014-07-22 00:00:00.0,0
009759,3,009508,0,2014-07-22 00:00:00.0,12
009625,1,009927,3,2014-07-23 00:00:00.0,0
009927,3,009625,1,2014-07-23 00:00:00.0,0
009920,3,008034,1,2014-07-23 00:00:00.0,0
009919,3,006557,1,2014-07-23 00:00:00.0,47
009914,3,009249,0,2014-07-23 00:00:00.0,0
009914,3,009364,0,2014-07-23 00:00:00.0,0
009914,3,009418,0,2014-07-23 00:00:00.0,0
009912,2,009633,1,2014-07-23 00:00:00.0,0
009914,3,009231,0,2014-07-23 00:00:00.0,0
010056,2,007116,1,2014-07-24 00:00:00.0,0
010046,2,008662,0,2014-07-24 00:00:00.0,0
003364,3,000155,0,2014-07-24 00:00:00.0,0
010008,2,009494,0,2014-07-24 00:00:00.0,0
004990,3,009494,0,2014-07-24 00:00:00.0,0
009989,4,009752,1,2014-07-24 00:00:00.0,3
009981,3,009989,4,2014-07-24 00:00:00.0,0
009984,3,009752,1,2014-07-24 00:00:00.0,0
009984,3,009981,3,2014-07-24 00:00:00.0,0
009981,3,009752,1,2014-07-24 00:00:00.0,0
009981,3,009984,3,2014-07-24 00:00:00.0,0
009733,1,009662,3,2014-07-24 00:00:00.0,0
009662,3,009733,1,2014-07-24 00:00:00.0,0
009972,2,006972,0,2014-07-24 00:00:00.0,0
008685,0,009946,3,2014-07-24 00:00:00.0,0
009946,3,008685,0,2014-07-24 00:00:00.0,0
010155,2,009783,0,2014-07-25 00:00:00.0,0
010145,2,009783,0,2014-07-25 00:00:00.0,0
009508,0,010134,2,2014-07-25 00:00:00.0,0
010134,2,009508,0,2014-07-25 00:00:00.0,0
009659,1,002969,4,2014-07-25 00:00:00.0,0
002969,4,009659,1,2014-07-25 00:00:00.0,0
001821,0,002969,4,2014-07-25 00:00:00.0,0
002969,4,001821,0,2014-07-25 00:00:00.0,0
008719,0,002969,4,2014-07-25 00:00:00.0,8
002969,4,008719,0,2014-07-25 00:00:00.0,8
002034,0,010208,4,2014-07-26 00:00:00.0,0
010208,4,002034,0,2014-07-26 00:00:00.0,4
010106,0,010198,3,2014-07-26 00:00:00.0,0
010198,3,010106,0,2014-07-26 00:00:00.0,0
010195,2,009508,0,2014-07-26 00:00:00.0,21
010182,2,010029,0,2014-07-26 00:00:00.0,0
010243,2,009820,1,2014-07-27 00:00:00.0,4
010237,2,010015,0,2014-07-27 00:00:00.0,0
009685,3,010015,0,2014-07-27 00:00:00.0,5
008134,2,008132,3,2014-07-27 00:00:00.0,0
010229,2,009820,1,2014-07-27 00:00:00.0,28
009820,1,010229,2,2014-07-27 00:00:00.0,0
010103,0,010050,4,2014-07-27 00:00:00.0,0
010050,4,010103,0,2014-07-27 00:00:00.0,0
008183,2,010209,2,2014-07-27 00:00:00.0,0
010209,2,007898,1,2014-07-27 00:00:00.0,0
010209,2,008183,2,2014-07-27 00:00:00.0,0
008069,0,010345,3,2014-07-28 00:00:00.0,0
010345,3,008069,0,2014-07-28 00:00:00.0,0
010344,3,009551,1,2014-07-28 00:00:00.0,0
010343,2,009481,0,2014-07-28 00:00:00.0,0
010299,3,009781,3,2014-07-28 00:00:00.0,0
009781,3,010299,3,2014-07-28 00:00:00.0,0
010299,3,010235,3,2014-07-28 00:00:00.0,0
010299,3,010070,0,2014-07-28 00:00:00.0,0
009781,3,010070,0,2014-07-28 00:00:00.0,0
009728,3,009683,3,2014-07-28 00:00:00.0,0
010260,3,010015,0,2014-07-28 00:00:00.0,0
010256,3,010015,0,2014-07-28 00:00:00.0,0
009683,3,009728,3,2014-07-28 00:00:00.0,0
009683,3,010015,0,2014-07-28 00:00:00.0,0
009687,3,010015,0,2014-07-28 00:00:00.0,0
009728,3,010015,0,2014-07-28 00:00:00.0,4
000246,1,000416,1,2014-07-28 00:00:00.0,5
009896,1,010491,3,2014-07-29 00:00:00.0,0
010491,3,009896,1,2014-07-29 00:00:00.0,77
010483,3,010122,0,2014-07-29 00:00:00.0,0
010478,3,010122,0,2014-07-29 00:00:00.0,0
010000,1,010463,2,2014-07-29 00:00:00.0,0
010463,2,010000,1,2014-07-29 00:00:00.0,0
010383,2,010421,2,2014-07-29 00:00:00.0,0
010421,2,010409,4,2014-07-29 00:00:00.0,0
010421,2,010404,4,2014-07-29 00:00:00.0,0
010421,2,010383,2,2014-07-29 00:00:00.0,0
010421,2,010091,1,2014-07-29 00:00:00.0,0
010383,2,010409,4,2014-07-29 00:00:00.0,0
010383,2,010404,4,2014-07-29 00:00:00.0,0
002327,3,009659,1,2014-07-29 00:00:00.0,0
010091,1,010383,2,2014-07-29 00:00:00.0,0
010383,2,010091,1,2014-07-29 00:00:00.0,0
010635,2,010389,0,2014-07-30 00:00:00.0,4
010000,1,010634,2,2014-07-30 00:00:00.0,0
010634,2,010000,1,2014-07-30 00:00:00.0,10
010628,3,010267,0,2014-07-30 00:00:00.0,0
002327,3,008711,2,2014-07-30 00:00:00.0,68
010621,2,010267,0,2014-07-30 00:00:00.0,0
009896,1,010619,3,2014-07-30 00:00:00.0,0
010619,3,009896,1,2014-07-30 00:00:00.0,13
009896,1,010613,2,2014-07-30 00:00:00.0,0
010613,2,009896,1,2014-07-30 00:00:00.0,13
010253,1,010581,3,2014-07-30 00:00:00.0,1
010581,3,010253,1,2014-07-30 00:00:00.0,0
010566,4,010359,0,2014-07-30 00:00:00.0,0
010546,3,009836,3,2014-07-30 00:00:00.0,0
010546,3,009827,4,2014-07-30 00:00:00.0,0
009836,3,010541,4,2014-07-30 00:00:00.0,0
010541,4,009836,3,2014-07-30 00:00:00.0,0
010541,4,009827,4,2014-07-30 00:00:00.0,0
010000,1,010503,4,2014-07-30 00:00:00.0,0
010503,4,010000,1,2014-07-30 00:00:00.0,0
010091,1,010421,2,2014-07-30 00:00:00.0,0
010091,1,010409,4,2014-07-30 00:00:00.0,0
010091,1,010404,4,2014-07-30 00:00:00.0,0
010000,1,010498,3,2014-07-30 00:00:00.0,0
010498,3,010000,1,2014-07-30 00:00:00.0,0
010757,3,010321,0,2014-07-31 00:00:00.0,42
010115,0,010749,4,2014-07-31 00:00:00.0,0
010747,3,010085,1,2014-07-31 00:00:00.0,0
010731,2,010360,0,2014-07-31 00:00:00.0,0
010668,4,010529,1,2014-07-31 00:00:00.0,0
010529,1,010668,4,2014-07-31 00:00:00.0,0
010613,2,002185,1,2014-07-31 00:00:00.0,0
010279,0,010645,2,2014-07-31 00:00:00.0,0
010645,2,010279,0,2014-07-31 00:00:00.0,0
010642,3,010097,1,2014-07-31 00:00:00.0,0
009820,1,010243,2,2014-08-01 00:00:00.0,0
010863,2,010513,1,2014-08-01 00:00:00.0,20
010856,2,010513,1,2014-08-01 00:00:00.0,1
010855,2,010513,1,2014-08-01 00:00:00.0,2
010365,0,010829,2,2014-08-01 00:00:00.0,0
010520,0,010797,2,2014-08-01 00:00:00.0,0
010520,0,010785,2,2014-08-01 00:00:00.0,0
010829,2,010365,0,2014-08-01 00:00:00.0,24
010560,0,010820,2,2014-08-01 00:00:00.0,0
010820,2,010560,0,2014-08-01 00:00:00.0,3
010797,2,010520,0,2014-08-01 00:00:00.0,7
010785,2,010520,0,2014-08-01 00:00:00.0,19
010776,4,009742,0,2014-08-01 00:00:00.0,2
010776,4,010775,2,2014-08-01 00:00:00.0,0
009742,0,010776,4,2014-08-01 00:00:00.0,0
009742,0,010775,2,2014-08-01 00:00:00.0,0
010775,2,009742,0,2014-08-01 00:00:00.0,1
010932,2,010731,2,2014-08-02 00:00:00.0,2
010554,0,010934,3,2014-08-02 00:00:00.0,0
010934,3,010554,0,2014-08-02 00:00:00.0,3
010932,2,010360,0,2014-08-02 00:00:00.0,24
010924,2,010114,1,2014-08-02 00:00:00.0,48
010922,2,010114,1,2014-08-02 00:00:00.0,28
008804,3,008711,2,2014-08-03 00:00:00.0,10
010811,0,010976,2,2014-08-03 00:00:00.0,1
010976,2,010811,0,2014-08-03 00:00:00.0,9
010963,4,010114,1,2014-08-03 00:00:00.0,1
010533,1,011136,4,2014-08-04 00:00:00.0,1
011130,2,010602,0,2014-08-04 00:00:00.0,1
011127,2,010602,0,2014-08-04 00:00:00.0,8
010983,2,011089,4,2014-08-04 00:00:00.0,1
011097,4,011105,4,2014-08-04 00:00:00.0,0
011080,4,011105,4,2014-08-04 00:00:00.0,2
011080,4,011104,4,2014-08-04 00:00:00.0,0
011080,4,011097,4,2014-08-04 00:00:00.0,0
011080,4,011089,4,2014-08-04 00:00:00.0,3
011089,4,011105,4,2014-08-04 00:00:00.0,0
011104,4,011105,4,2014-08-04 00:00:00.0,0
011104,4,011097,4,2014-08-04 00:00:00.0,0
011104,4,011089,4,2014-08-04 00:00:00.0,0
011104,4,011080,4,2014-08-04 00:00:00.0,0
011105,4,011104,4,2014-08-04 00:00:00.0,0
011105,4,011097,4,2014-08-04 00:00:00.0,0
011105,4,011089,4,2014-08-04 00:00:00.0,0
011105,4,011080,4,2014-08-04 00:00:00.0,0
011097,4,011104,4,2014-08-04 00:00:00.0,0
011097,4,011089,4,2014-08-04 00:00:00.0,0
011097,4,011080,4,2014-08-04 00:00:00.0,0
011089,4,011104,4,2014-08-04 00:00:00.0,0
011089,4,011097,4,2014-08-04 00:00:00.0,0
011089,4,011080,4,2014-08-04 00:00:00.0,0
011067,3,010663,0,2014-08-04 00:00:00.0,5
011066,2,010676,0,2014-08-04 00:00:00.0,75
010676,0,011066,2,2014-08-04 00:00:00.0,0
010731,2,010932,2,2014-08-04 00:00:00.0,0
011029,3,010845,1,2014-08-04 00:00:00.0,5
010602,0,010992,2,2014-08-04 00:00:00.0,0
011001,4,010602,0,2014-08-04 00:00:00.0,25
010602,0,011001,4,2014-08-04 00:00:00.0,0
010602,0,010996,4,2014-08-04 00:00:00.0,0
010996,4,010602,0,2014-08-04 00:00:00.0,1
010992,2,010602,0,2014-08-04 00:00:00.0,3
008711,2,002327,3,2014-08-05 00:00:00.0,11
006557,1,009919,3,2014-08-05 00:00:00.0,0
011195,1,006682,2,2014-08-05 00:00:00.0,5
011204,3,009508,0,2014-08-05 00:00:00.0,10
006682,2,011195,1,2014-08-05 00:00:00.0,44
005944,1,006320,4,2014-08-05 00:00:00.0,0
010409,4,010091,1,2014-08-05 00:00:00.0,17
011172,4,010421,2,2014-08-05 00:00:00.0,0
011172,4,011139,3,2014-08-05 00:00:00.0,0
011172,4,010409,4,2014-08-05 00:00:00.0,0
011172,4,010404,4,2014-08-05 00:00:00.0,0
011172,4,010383,2,2014-08-05 00:00:00.0,0
011172,4,010091,1,2014-08-05 00:00:00.0,0
010421,2,011172,4,2014-08-05 00:00:00.0,0
010421,2,011139,3,2014-08-05 00:00:00.0,0
011139,3,010421,2,2014-08-05 00:00:00.0,0
011139,3,010409,4,2014-08-05 00:00:00.0,0
011139,3,010404,4,2014-08-05 00:00:00.0,0
011139,3,010383,2,2014-08-05 00:00:00.0,0
011139,3,010091,1,2014-08-05 00:00:00.0,0
011336,4,011222,1,2014-08-06 00:00:00.0,15
010648,1,010867,3,2014-08-06 00:00:00.0,0
010867,3,010648,1,2014-08-06 00:00:00.0,1
011325,3,011008,1,2014-08-06 00:00:00.0,14
011323,2,010456,0,2014-08-06 00:00:00.0,7
010597,1,011310,3,2014-08-06 00:00:00.0,0
011310,3,010597,1,2014-08-06 00:00:00.0,18
011232,3,011007,0,2014-08-06 00:00:00.0,87
010793,1,011256,4,2014-08-06 00:00:00.0,0
010513,1,010856,2,2014-08-06 00:00:00.0,0
011256,4,010793,1,2014-08-06 00:00:00.0,4
010648,1,011440,4,2014-08-07 00:00:00.0,0
011440,4,010648,1,2014-08-07 00:00:00.0,0
011432,3,009655,0,2014-08-07 00:00:00.0,0
011418,3,011026,0,2014-08-07 00:00:00.0,87
011409,2,011301,1,2014-08-07 00:00:00.0,39
011362,2,010678,1,2014-08-07 00:00:00.0,1
011352,2,011170,0,2014-08-07 00:00:00.0,8
004073,3,002997,4,2014-08-07 00:00:00.0,56
011342,2,011222,1,2014-08-07 00:00:00.0,1
011549,3,011007,0,2014-08-08 00:00:00.0,29
011007,0,011549,3,2014-08-08 00:00:00.0,0
011540,3,011304,1,2014-08-08 00:00:00.0,13
000246,1,008711,2,2014-08-08 00:00:00.0,8
008711,2,000246,1,2014-08-08 00:00:00.0,4
011008,1,011521,4,2014-08-08 00:00:00.0,0
011521,4,011008,1,2014-08-08 00:00:00.0,201
011496,2,002185,1,2014-08-08 00:00:00.0,1
011404,1,011496,2,2014-08-08 00:00:00.0,0
011496,2,011404,1,2014-08-08 00:00:00.0,5
011022,0,011490,3,2014-08-08 00:00:00.0,0
011490,3,011022,0,2014-08-08 00:00:00.0,185
011482,4,010663,0,2014-08-08 00:00:00.0,8
011481,3,011190,1,2014-08-08 00:00:00.0,8
011450,2,011170,0,2014-08-08 00:00:00.0,1
011170,0,011352,2,2014-08-08 00:00:00.0,1
011447,2,011061,0,2014-08-08 00:00:00.0,10
011162,1,011591,4,2014-08-09 00:00:00.0,1
011591,4,011162,1,2014-08-09 00:00:00.0,79
011293,1,011588,3,2014-08-09 00:00:00.0,1
011588,3,011293,1,2014-08-09 00:00:00.0,9
011587,4,010038,0,2014-08-09 00:00:00.0,434
011031,1,011583,2,2014-08-09 00:00:00.0,0
011583,2,011031,1,2014-08-09 00:00:00.0,27
011577,3,011031,1,2014-08-09 00:00:00.0,5
011284,1,008711,2,2014-08-09 00:00:00.0,7
011575,4,006833,0,2014-08-09 00:00:00.0,406
011566,4,011061,0,2014-08-09 00:00:00.0,104
010903,1,011560,3,2014-08-09 00:00:00.0,11
011560,3,010903,1,2014-08-09 00:00:00.0,1
010663,0,011482,4,2014-08-09 00:00:00.0,0
011556,3,011211,1,2014-08-09 00:00:00.0,1
011664,1,008711,2,2014-08-10 00:00:00.0,1
010880,2,011397,0,2014-08-10 00:00:00.0,24
010889,2,011397,0,2014-08-10 00:00:00.0,23
011190,1,011652,3,2014-08-10 00:00:00.0,0
011652,3,011190,1,2014-08-10 00:00:00.0,4
011645,2,009206,2,2014-08-10 00:00:00.0,0
010729,0,011635,3,2014-08-10 00:00:00.0,0
010729,0,011637,3,2014-08-10 00:00:00.0,0
011637,3,010729,0,2014-08-10 00:00:00.0,8
011635,3,010729,0,2014-08-10 00:00:00.0,32
011504,1,011634,2,2014-08-10 00:00:00.0,0
011504,1,011629,3,2014-08-10 00:00:00.0,0
011634,2,011504,1,2014-08-10 00:00:00.0,0
011629,3,011504,1,2014-08-10 00:00:00.0,17
011606,2,011033,0,2014-08-10 00:00:00.0,2
003238,4,002170,2,2014-08-10 00:00:00.0,1
003238,4,008711,2,2014-08-10 00:00:00.0,15
008711,2,011284,1,2014-08-10 00:00:00.0,2
006016,2,005890,1,2014-08-11 00:00:00.0,11
003238,4,011664,1,2014-08-11 00:00:00.0,4
011777,3,006439,1,2014-08-11 00:00:00.0,1
011531,1,011770,1,2014-08-11 00:00:00.0,63
011776,3,006439,1,2014-08-11 00:00:00.0,8
011772,2,008552,0,2014-08-11 00:00:00.0,1
011157,1,011770,1,2014-08-11 00:00:00.0,88
011770,1,011157,1,2014-08-11 00:00:00.0,424
011157,1,011531,1,2014-08-11 00:00:00.0,70
011424,1,011531,1,2014-08-11 00:00:00.0,14
010693,1,011531,1,2014-08-11 00:00:00.0,0
011664,1,002327,3,2014-08-11 00:00:00.0,1
002327,3,011664,1,2014-08-11 00:00:00.0,62
011858,3,011230,1,2014-08-12 00:00:00.0,4
011770,1,011531,1,2014-08-12 00:00:00.0,384
011531,1,011157,1,2014-08-12 00:00:00.0,46
011765,1,011596,3,2014-08-13 00:00:00.0,0
011765,1,011959,3,2014-08-13 00:00:00.0,0
011765,1,011968,2,2014-08-13 00:00:00.0,4
011765,1,011974,3,2014-08-13 00:00:00.0,0
011765,1,011998,3,2014-08-13 00:00:00.0,2
011998,3,011765,1,2014-08-13 00:00:00.0,16
011990,2,011413,0,2014-08-13 00:00:00.0,4
011980,2,011986,4,2014-08-13 00:00:00.0,10
011986,4,011980,2,2014-08-13 00:00:00.0,8
011974,3,011765,1,2014-08-13 00:00:00.0,26
011968,2,011765,1,2014-08-13 00:00:00.0,82
011959,3,011765,1,2014-08-13 00:00:00.0,274
011596,3,011765,1,2014-08-13 00:00:00.0,378
011259,1,011903,3,2014-08-13 00:00:00.0,0
011259,1,011916,4,2014-08-13 00:00:00.0,0
011916,4,011259,1,2014-08-13 00:00:00.0,4
011903,3,011259,1,2014-08-13 00:00:00.0,4
001321,2,011842,1,2014-08-13 00:00:00.0,2
011900,3,011503,1,2014-08-13 00:00:00.0,12
011884,4,011878,2,2014-08-13 00:00:00.0,4
000040,1,011392,0,2014-08-14 00:00:00.0,2
002327,3,011382,1,2014-08-14 00:00:00.0,46
012053,2,011742,1,2014-08-14 00:00:00.0,24
012044,4,002189,1,2014-08-14 00:00:00.0,16
012203,3,011938,1,2014-08-15 00:00:00.0,2
012080,3,009896,1,2014-08-15 00:00:00.0,74
011765,1,012146,3,2014-08-15 00:00:00.0,0
012146,3,011765,1,2014-08-15 00:00:00.0,66
012106,3,011812,1,2014-08-15 00:00:00.0,34
012203,3,011938,1,2014-08-15 00:00:00.0,2
012299,3,010360,0,2014-08-16 00:00:00.0,88
012283,3,012058,1,2014-08-16 00:00:00.0,48
012274,2,011940,1,2014-08-16 00:00:00.0,88
012265,2,011940,1,2014-08-16 00:00:00.0,158
011940,1,012257,3,2014-08-16 00:00:00.0,0
012257,3,011940,1,2014-08-16 00:00:00.0,136
,0,010898,1,2014-08-16 00:00:00.0,2
011930,1,012329,2,2014-08-17 00:00:00.0,0
012329,2,011930,1,2014-08-17 00:00:00.0,0
012320,2,011930,1,2014-08-17 00:00:00.0,8
011930,1,012320,2,2014-08-17 00:00:00.0,2
,0,011930,1,2014-08-17 00:00:00.0,18
011930,1,012240,0,2014-08-17 00:00:00.0,2
012154,1,012570,2,2014-08-18 00:00:00.0,0
012570,2,012154,1,2014-08-18 00:00:00.0,28
011980,2,012136,1,2014-08-18 00:00:00.0,4
011986,4,012136,1,2014-08-18 00:00:00.0,14
012568,4,012136,1,2014-08-18 00:00:00.0,14
012564,2,012138,1,2014-08-18 00:00:00.0,444
012154,1,012513,2,2014-08-18 00:00:00.0,0
012513,2,012154,1,2014-08-18 00:00:00.0,14
012136,1,012478,2,2014-08-18 00:00:00.0,4
012478,2,012136,1,2014-08-18 00:00:00.0,48
012136,1,012475,2,2014-08-18 00:00:00.0,10
012475,2,012136,1,2014-08-18 00:00:00.0,16
012429,2,012169,1,2014-08-18 00:00:00.0,2
012420,3,012169,1,2014-08-18 00:00:00.0,4
011701,1,012759,2,2014-08-19 00:00:00.0,0
012759,2,011701,1,2014-08-19 00:00:00.0,20
012763,3,011162,1,2014-08-19 00:00:00.0,12
012750,3,011162,1,2014-08-19 00:00:00.0,6
012809,3,012892,4,2014-08-20 00:00:00.0,2
012892,4,012809,3,2014-08-20 00:00:00.0,4
012902,3,012443,1,2014-08-20 00:00:00.0,4
012443,1,012902,3,2014-08-20 00:00:00.0,0
012902,3,012898,2,2014-08-20 00:00:00.0,0
012443,1,012898,2,2014-08-20 00:00:00.0,0
012898,2,012443,1,2014-08-20 00:00:00.0,20
012892,4,012534,1,2014-08-20 00:00:00.0,226
012809,3,012534,1,2014-08-20 00:00:00.0,12
012802,2,012512,1,2014-08-20 00:00:00.0,4
012995,3,011258,0,2014-08-21 00:00:00.0,2
012977,4,012570,2,2014-08-21 00:00:00.0,0
012570,2,012977,4,2014-08-21 00:00:00.0,6
012977,4,012154,1,2014-08-21 00:00:00.0,16
012969,3,011893,1,2014-08-21 00:00:00.0,16
012968,2,011268,1,2014-08-21 00:00:00.0,0
010513,1,010863,2,2014-08-21 00:00:00.0,0
010208,4,002163,0,2014-08-21 00:00:00.0,2
012044,4,002602,2,2014-08-21 00:00:00.0,36
011838,1,012923,2,2014-08-21 00:00:00.0,0
012923,2,011838,1,2014-08-21 00:00:00.0,6
012605,4,012835,1,2014-08-21 00:00:00.0,6
012835,1,012912,3,2014-08-21 00:00:00.0,2
012912,3,012835,1,2014-08-21 00:00:00.0,12
010404,4,010421,2,2014-08-21 00:00:00.0,44
010404,4,011775,0,2014-08-21 00:00:00.0,44
010421,2,011775,0,2014-08-21 00:00:00.0,0
013128,4,012608,1,2014-08-22 00:00:00.0,182
013121,2,012608,1,2014-08-22 00:00:00.0,10
012491,1,013009,2,2014-08-22 00:00:00.0,10
013009,2,012491,1,2014-08-22 00:00:00.0,28
013046,3,008719,0,2014-08-22 00:00:00.0,8
013039,2,012922,1,2014-08-22 00:00:00.0,2
012922,1,013039,2,2014-08-22 00:00:00.0,0
004073,3,003554,1,2014-08-22 00:00:00.0,4
010368,1,013005,2,2014-08-22 00:00:00.0,0
013005,2,010368,1,2014-08-22 00:00:00.0,6
013186,2,013084,1,2014-08-23 00:00:00.0,2
013180,4,012512,1,2014-08-23 00:00:00.0,32
013176,2,011718,1,2014-08-23 00:00:00.0,14
013084,1,013167,2,2014-08-23 00:00:00.0,0
013167,2,013084,1,2014-08-23 00:00:00.0,32
013158,2,012595,1,2014-08-23 00:00:00.0,206
013147,3,012959,1,2014-08-23 00:00:00.0,16
013145,3,012959,1,2014-08-23 00:00:00.0,26
012835,1,013134,2,2014-08-23 00:00:00.0,0
013134,2,012835,1,2014-08-23 00:00:00.0,4
013230,3,012616,1,2014-08-24 00:00:00.0,4
013084,1,013186,2,2014-08-24 00:00:00.0,0
013038,1,013207,2,2014-08-24 00:00:00.0,0
013207,2,013038,1,2014-08-24 00:00:00.0,16
013149,2,012616,1,2014-08-24 00:00:00.0,74
013105,1,013196,4,2014-08-24 00:00:00.0,0
012817,1,013199,4,2014-08-24 00:00:00.0,0
013199,4,012817,1,2014-08-24 00:00:00.0,2
012817,1,012744,3,2014-08-24 00:00:00.0,0
013196,4,013105,1,2014-08-24 00:00:00.0,790
010190,2,003832,1,2014-08-24 00:00:00.0,2
012744,3,012817,1,2014-08-24 00:00:00.0,8
008719,0,002969,4,2014-08-25 00:00:00.0,8
012807,1,013259,2,2014-08-25 00:00:00.0,0
013259,2,012807,1,2014-08-25 00:00:00.0,16
013250,2,010000,1,2014-08-25 00:00:00.0,2
013242,4,011846,1,2014-08-25 00:00:00.0,74
